mol_bdID,mol_smiles,bioactivity_class,MW,LogP,NumHDonors,NumHAcceptors,pIC50
51053294,COc1ccc(C(=O)O[C@H]2C[C@H]3[C@](C)(COC(C)=O)[C@@H](OC(C)=O)CC[C@]3(C)[C@H]3[C@@H](O)c4c(cc(-c5cccnc5)oc4=O)O[C@]23C)cc1,active,675.7310000000003,5.057800000000005,1.0,12.0,9.045757490560675
51068473,CC(=O)OC[C@@]1(C)[C@@H]2C[C@H](OC(=O)c3ccc(C#N)cc3)[C@@]3(C)Oc4cc(-c5cccnc5)oc(=O)c4[C@H](O)[C@@H]3[C@@]2(C)CC[C@@H]1OC(C)=O,active,670.7150000000001,4.920880000000005,1.0,12.0,9.045757490560675
51053301,CC(=O)OC[C@@]1(C)[C@@H]2C[C@H](OC(=O)c3ccc(C#N)cc3)[C@@]3(C)Oc4cc(-c5cccnc5)oc(=O)c4[C@H](O)[C@@H]3[C@@]2(C)CC[C@@H]1OC(C)=O,active,670.7150000000001,4.920880000000005,1.0,12.0,9.045757490560675
51053293,CC(=O)OC[C@@]1(C)[C@@H]2C[C@H](OC(=O)c3ccc(C)cc3)[C@@]3(C)Oc4cc(-c5cccnc5)oc(=O)c4[C@H](O)[C@@H]3[C@@]2(C)CC[C@@H]1OC(C)=O,active,659.7320000000001,5.357620000000005,1.0,11.0,9.045757490560675
51053292,CC(=O)OC[C@@]1(C)[C@@H]2C[C@H](OC(=O)c3cccc(F)c3)[C@@]3(C)Oc4cc(-c5cccnc5)oc(=O)c4[C@H](O)[C@@H]3[C@@]2(C)CC[C@@H]1OC(C)=O,active,663.6950000000002,5.188300000000005,1.0,11.0,9.0
51053291,CC(=O)OC[C@@]1(C)[C@@H]2C[C@H](OC(=O)c3ccc(Cl)cc3)[C@@]3(C)Oc4cc(-c5cccnc5)oc(=O)c4[C@H](O)[C@@H]3[C@@]2(C)CC[C@@H]1OC(C)=O,active,680.1500000000002,5.7026000000000066,1.0,11.0,9.0
51053290,CCc1ccc(C(=O)O[C@H]2C[C@H]3[C@](C)(COC(C)=O)[C@@H](OC(C)=O)CC[C@]3(C)[C@H]3[C@@H](O)c4c(cc(-c5cccnc5)oc4=O)O[C@]23C)cc1,active,673.7590000000002,5.611600000000006,1.0,11.0,8.920818753952375
51053289,CC(=O)OC[C@@]1(C)[C@@H]2C[C@H](OC(=O)c3cccc(Br)c3)[C@@]3(C)Oc4cc(-c5cccnc5)oc(=O)c4[C@H](O)[C@@H]3[C@@]2(C)CC[C@@H]1OC(C)=O,active,724.601,5.811700000000007,1.0,11.0,8.769551078621726
51053288,CC(=O)OC[C@@]1(C)[C@@H]2C[C@H](OC(=O)c3ccc(F)cc3)[C@@]3(C)Oc4cc(-c5cccnc5)oc(=O)c4[C@H](O)[C@@H]3[C@@]2(C)CC[C@@H]1OC(C)=O,active,663.695,5.188300000000005,1.0,11.0,8.698970004336019
51053287,CC(=O)OC[C@@]1(C)[C@@H]2C[C@H](OC(=O)c3ccc(Br)cc3)[C@@]3(C)Oc4cc(-c5cccnc5)oc(=O)c4[C@H](O)[C@@H]3[C@@]2(C)CC[C@@H]1OC(C)=O,active,724.601,5.811700000000007,1.0,11.0,8.568636235841012
51053286,CSc1ccc(C(=O)O[C@H]2C[C@H]3[C@](C)(COC(C)=O)[C@@H](OC(C)=O)CC[C@]3(C)[C@H]3[C@@H](O)c4c(cc(-c5cccnc5)oc4=O)O[C@]23C)cc1,active,691.7990000000002,5.771100000000007,1.0,12.0,8.397940008672037
51053281,CC(=O)OC[C@@]1(C)[C@@H]2C[C@H](OC(=O)c3ccc(I)cc3)[C@@]3(C)Oc4cc(-c5cccnc5)oc(=O)c4[C@H](O)[C@@H]3[C@@]2(C)CC[C@@H]1OC(C)=O,active,771.601,5.653800000000007,1.0,11.0,8.301029995663981
51053280,CC(=O)OC[C@@]1(C)[C@@H]2C[C@H](OC(=O)c3ccccc3I)[C@@]3(C)Oc4cc(-c5cccnc5)oc(=O)c4[C@H](O)[C@@H]3[C@@]2(C)CC[C@@H]1OC(C)=O,active,771.601,5.653800000000007,1.0,11.0,8.301029995663981
51053282,CC(=O)OC[C@@]1(C)[C@@H]2C[C@H](OC(=O)c3ccc(N=[N+]=[N-])cc3)[C@@]3(C)Oc4cc(-c5cccnc5)oc(=O)c4[C@H](O)[C@@H]3[C@@]2(C)CC[C@@H]1OC(C)=O,active,686.7180000000001,5.991000000000008,1.0,12.0,8.301029995663981
51053267,CC(=O)OC[C@@]1(C)[C@@H]2C[C@H](OC(=O)c3cccc(I)c3)[C@@]3(C)Oc4cc(-c5cccnc5)oc(=O)c4[C@H](O)[C@@H]3[C@@]2(C)CC[C@@H]1OC(C)=O,active,771.601,5.653800000000007,1.0,11.0,8.301029995663981
51053283,CC(=O)OC[C@@]1(C)[C@@H]2C[C@H](OC(=O)c3ccc(Br)c(F)c3)[C@@]3(C)Oc4cc(-c5cccnc5)oc(=O)c4[C@H](O)[C@@H]3[C@@]2(C)CC[C@@H]1OC(C)=O,active,742.591,5.950800000000008,1.0,11.0,8.301029995663981
51053284,CC(=O)OC[C@@]1(C)[C@@H]2C[C@H](OC(=O)c3cccc(C)c3)[C@@]3(C)Oc4cc(-c5cccnc5)oc(=O)c4[C@H](O)[C@@H]3[C@@]2(C)CC[C@@H]1OC(C)=O,active,659.7320000000001,5.357620000000005,1.0,11.0,8.301029995663981
51053285,C=Cc1ccc(C(=O)O[C@H]2C[C@H]3[C@](C)(COC(C)=O)[C@@H](OC(C)=O)CC[C@]3(C)[C@H]3[C@@H](O)c4c(cc(-c5cccnc5)oc4=O)O[C@]23C)cc1,active,671.7430000000003,5.692200000000007,1.0,11.0,8.301029995663981
51061808,CC(=O)OC[C@@]1(C)[C@@H]2C[C@H](OC(=O)c3ccc([N+](=O)[O-])cc3)[C@@]3(C)Oc4cc(-c5cccnc5)oc(=O)c4[C@H](O)[C@@H]3[C@@]2(C)CC[C@@H]1OC(C)=O,active,690.7020000000001,4.957400000000004,1.0,13.0,8.2518119729938
51053266,CCC(=O)OC[C@@]1(C)[C@@H]2C[C@H](OC(=O)c3ccc(C#N)cc3)[C@@]3(C)Oc4cc(-c5cccnc5)oc(=O)c4[C@H](O)[C@@H]3[C@@]2(C)CC[C@@H]1OC(=O)CC,active,698.769,5.7010800000000055,1.0,12.0,8.221848749616356
51068431,CC(=O)OC[C@@]1(C)[C@@H]2C[C@H](OC(=O)c3ccc([N+](=O)[O-])c(F)c3)[C@@]3(C)Oc4cc(-c5cccnc5)oc(=O)c4[C@H](O)[C@@H]3[C@@]2(C)CC[C@@H]1OC(C)=O,active,708.6920000000001,5.096500000000005,1.0,13.0,8.221848749616356
51053265,C[C@@]12CO[C@@H](c3ccccc3)O[C@H]1CC[C@@]1(C)[C@H]2C[C@H](OC(=O)c2ccc(C#N)cc2)[C@@]2(C)Oc3cc(-c4cccnc4)oc(=O)c3[C@H](O)[C@H]12,active,674.7500000000003,6.540280000000008,1.0,10.0,8.214670164989233
51053264,COc1ccc(C(=O)O[C@H]2C[C@H]3[C@](C)(COC(C)=O)[C@@H](OC(C)=O)CC[C@]3(C)[C@H]3[C@@H](O)c4c(cc(-c5cccnc5)oc4=O)O[C@]23C)cc1F,active,693.7210000000003,5.196900000000006,1.0,12.0,8.200659450546418
51061807,CC(=O)OC[C@@]1(C)[C@@H]2C[C@H](OC(=O)c3ccc(C)c(F)c3)[C@@]3(C)Oc4cc(-c5cccnc5)oc(=O)c4[C@H](O)[C@@H]3[C@@]2(C)CC[C@@H]1OC(C)=O,active,677.7220000000002,5.496720000000006,1.0,11.0,8.187086643357144
51068462,CC(C)C(=O)OC[C@@]1(C)[C@@H]2C[C@H](OC(=O)c3ccc(C#N)cc3)[C@@]3(C)Oc4cc(-c5cccnc5)oc(=O)c4[C@H](O)[C@@H]3[C@@]2(C)CC[C@@H]1OC(=O)C(C)C,active,726.823,6.193080000000007,1.0,12.0,8.18045606445813
51068463,Cc1ccc([C@@H]2OC[C@@]3(C)[C@@H]4C[C@H](OC(=O)c5ccc(C#N)cc5)[C@@]5(C)Oc6cc(-c7cccnc7)oc(=O)c6[C@H](O)[C@@H]5[C@@]4(C)CC[C@@H]3O2)c(C)c1,active,702.8040000000001,7.15712000000001,1.0,10.0,8.167491087293763
51053279,C[C@@]12CO[C@@H](c3ccccc3F)O[C@H]1CC[C@@]1(C)[C@H]2C[C@H](OC(=O)c2ccc(C#N)cc2)[C@@]2(C)Oc3cc(-c4cccnc4)oc(=O)c3[C@H](O)[C@H]12,active,692.7400000000002,6.679380000000008,1.0,10.0,8.154901959985743
51068430,CC(=O)OC[C@@]1(C)[C@@H]2C[C@H](OC(=O)c3cccc(Cl)c3)[C@@]3(C)Oc4cc(-c5cccnc5)oc(=O)c4[C@H](O)[C@@H]3[C@@]2(C)CC[C@@H]1OC(C)=O,active,680.1500000000002,5.7026000000000066,1.0,11.0,8.154901959985743
51053263,C[C@@]12CO[C@@H](c3ccccc3)O[C@H]1CC[C@@]1(C)[C@H]2C[C@H](OC(=O)c2ccc(F)cc2)[C@@]2(C)Oc3cc(-c4cccnc4)oc(=O)c3[C@H](O)[C@H]12,active,667.7300000000004,6.807700000000009,1.0,9.0,8.154901959985743
51068461,CC(=O)OC[C@@]1(C)[C@@H]2C[C@H](OC(=O)c3ccc(Br)cc3F)[C@@]3(C)Oc4cc(-c5cccnc5)oc(=O)c4[C@H](O)[C@@H]3[C@@]2(C)CC[C@@H]1OC(C)=O,active,742.591,5.950800000000008,1.0,11.0,8.142667503568731
51068468,Cc1cccc(C)c1[C@@H]1OC[C@@]2(C)[C@@H]3C[C@H](OC(=O)c4ccc(C#N)cc4)[C@@]4(C)Oc5cc(-c6cccnc6)oc(=O)c5[C@H](O)[C@@H]4[C@@]3(C)CC[C@@H]2O1,active,702.8040000000002,7.157120000000009,1.0,10.0,8.10790539730952
51053262,Cc1cccc([C@@H]2OC[C@@]3(C)[C@@H]4C[C@H](OC(=O)c5ccc(C#N)cc5)[C@@]5(C)Oc6cc(-c7cccnc7)oc(=O)c6[C@H](O)[C@@H]5[C@@]4(C)CC[C@@H]3O2)c1,active,688.7770000000002,6.848700000000009,1.0,10.0,8.10790539730952
51053261,CC(=O)OC[C@@]1(C)[C@@H]2C[C@H](OC(=O)c3ccc(C#N)c(F)c3)[C@@]3(C)Oc4cc(-c5cccnc5)oc(=O)c4[C@H](O)[C@@H]3[C@@]2(C)CC[C@@H]1OC(C)=O,active,688.7050000000002,5.059980000000005,1.0,12.0,8.09151498112135
51053278,CC(=O)OC[C@@]1(C)[C@@H]2C[C@H](OC(=O)c3ccc(F)c(F)c3F)[C@@]3(C)Oc4cc(-c5cccnc5)oc(=O)c4[C@H](O)[C@@H]3[C@@]2(C)CC[C@@H]1OC(C)=O,active,699.6750000000001,5.466500000000005,1.0,11.0,8.045757490560675
51068429,CSc1cccc(C(=O)O[C@H]2C[C@H]3[C@](C)(COC(C)=O)[C@@H](OC(C)=O)CC[C@]3(C)[C@H]3[C@@H](O)c4c(cc(-c5cccnc5)oc4=O)O[C@]23C)c1,active,691.7990000000002,5.771100000000007,1.0,12.0,8.045757490560675
51053302,C[C@@]12CO[C@@H](c3ccccc3)O[C@H]1CC[C@@]1(C)[C@H]2C[C@H](OC(=O)c2ccc(Cl)cc2)[C@@]2(C)Oc3cc(-c4cccnc4)oc(=O)c3[C@H](O)[C@H]12,active,684.1850000000003,7.322000000000009,1.0,9.0,8.022276394711152
51061806,CC(=O)OC[C@@]1(C)[C@@H]2C[C@H](OC(=O)c3ccc(-c4ccccc4)cc3)[C@@]3(C)Oc4cc(-c5cccnc5)oc(=O)c4[C@H](O)[C@@H]3[C@@]2(C)CC[C@@H]1OC(C)=O,active,721.8030000000001,6.716200000000009,1.0,11.0,8.017728766960431
51068466,CC(=O)OC[C@@]1(C)[C@@H]2C[C@H](OC(=O)c3ccc(C#N)cc3)[C@@]3(C)Oc4cc(-c5cccnc5)oc(=O)c4[C@H](O)[C@@H]3[C@@]2(C)CC[C@@H]1OC(=O)c1ccccc1,active,732.7860000000002,6.214780000000007,1.0,12.0,8.013228265733755
51053303,Cc1ccc([C@@H]2OC[C@@]3(C)[C@@H]4C[C@H](OC(=O)c5ccc(C#N)cc5)[C@@]5(C)Oc6cc(-c7cccnc7)oc(=O)c6[C@H](O)[C@@H]5[C@@]4(C)CC[C@@H]3O2)cc1,active,688.7770000000002,6.848700000000009,1.0,10.0,8.0
51068469,CC(=O)OC[C@@]1(C)[C@@H]2C[C@H](OC(=O)c3ccccc3)[C@@]3(C)Oc4cc(-c5cccnc5)oc(=O)c4[C@H](O)[C@@H]3[C@@]2(C)CC[C@@H]1OC(C)=O,active,645.7050000000002,5.049200000000004,1.0,11.0,8.0
51128151,CCCCC(=O)O[C@H]1C[C@H]2[C@]3(C)CO[C@@H](c4ccccc4C)O[C@H]3CC[C@]2(C)[C@H]2[C@@H](O)c3c(cc(-c4cccnc4)oc3=O)O[C@]12C,active,643.7770000000003,6.85342000000001,1.0,9.0,8.0
51061805,CCCCCCCN(CCCCCSc1nc(-c2ccccc2)c(-c2ccccc2)[nH]1)C(=O)Nc1ccc(F)cc1F,active,590.7840000000002,9.788799999999998,2.0,3.0,8.0
51053276,CCC(=O)O[C@H]1CC[C@@]2(C)[C@@H](C[C@H](OC(=O)c3ccc(C#N)cc3)[C@@]3(C)Oc4cc(-c5cccnc5)oc(=O)c4[C@H](O)[C@H]23)[C@]1(C)COC(C)=O,active,684.7420000000002,5.310980000000006,1.0,12.0,8.0
51053277,CC(=O)OC[C@@]1(C)[C@@H]2C[C@H](OC(=O)c3ccccc3C)[C@@]3(C)Oc4cc(-c5cccnc5)oc(=O)c4[C@H](O)[C@@H]3[C@@]2(C)CC[C@@H]1OC(C)=O,active,659.7320000000002,5.357620000000005,1.0,11.0,8.0
51068428,CC(=O)OC[C@@]1(C)[C@@H]2C[C@H](OC(=O)c3cccc(C#N)c3)[C@@]3(C)Oc4cc(-c5cccnc5)oc(=O)c4[C@H](O)[C@@H]3[C@@]2(C)CC[C@@H]1OC(C)=O,active,670.7150000000001,4.920880000000005,1.0,12.0,8.0
51053275,C[C@@]12CO[C@@H](c3ccccc3)O[C@H]1CC[C@@]1(C)[C@H]2C[C@H](OC(=O)c2ccc(Br)cc2)[C@@]2(C)Oc3cc(-c4cccnc4)oc(=O)c3[C@H](O)[C@H]12,active,728.6360000000001,7.43110000000001,1.0,9.0,7.958607314841775
51068414,C=Cc1cccc(C(=O)O[C@H]2C[C@H]3[C@](C)(COC(C)=O)[C@@H](OC(C)=O)CC[C@]3(C)[C@H]3[C@@H](O)c4c(cc(-c5cccnc5)oc4=O)O[C@]23C)c1,active,671.7430000000003,5.692200000000007,1.0,11.0,7.920818753952375
765843,Cc1ccccc1[C@@H]1OC[C@@]2(C)[C@@H]3C[C@H](OC(=O)c4ccc(C#N)cc4)[C@@]4(C)Oc5cc(-c6cccnc6)oc(=O)c5[C@H](O)[C@@H]4[C@@]3(C)CC[C@@H]2O1,active,688.777,6.848700000000008,1.0,10.0,7.920818753952375
51068427,CC(O)(COC(=O)c1ccc(C#N)cc1)[C@@H]1C[C@H](OC(=O)c2ccc(C#N)cc2)[C@@]2(C)Oc3cc(-c4cccnc4)oc(=O)c3C(=O)[C@@H]2C1,active,659.6510000000002,4.638760000000004,1.0,12.0,7.886056647693163
51068426,C[C@@]12CO[C@@H](c3ccccc3)O[C@H]1CC[C@@]1(C)[C@H]2C[C@H](OC(=O)c2cccc(F)c2)[C@@]2(C)Oc3cc(-c4cccnc4)oc(=O)c3[C@H](O)[C@H]12,active,667.7300000000004,6.8077000000000085,1.0,9.0,7.853871964321762
51061804,COc1ccc(C(=O)O[C@H]2C[C@H]3[C@]4(C)CO[C@@H](c5ccccc5)O[C@H]4CC[C@]3(C)[C@H]3[C@@H](O)c4c(cc(-c5cccnc5)oc4=O)O[C@]23C)cc1,active,679.7660000000002,6.677200000000009,1.0,10.0,7.853871964321762
51068465,CCC(=O)OC[C@@]1(C)[C@@H]2C[C@H](OC(=O)c3ccc(C#N)cc3)[C@@]3(C)Oc4cc(-c5cccnc5)oc(=O)c4[C@H](O)[C@@H]3[C@@]2(C)CC[C@@H]1OC(C)=O,active,684.7420000000001,5.310980000000005,1.0,12.0,7.823908740944319
51061803,Cc1ccc([C@@H]2OC[C@@]3(C)[C@@H]4C[C@H](OC(=O)c5ccc(F)cc5)[C@@]5(C)Oc6cc(-c7cccnc7)oc(=O)c6[C@H](O)[C@@H]5[C@@]4(C)CC[C@@H]3O2)cc1,active,681.7570000000001,7.116120000000008,1.0,9.0,7.823908740944319
51053274,CC(=O)OC[C@@]1(C)[C@@H]2C[C@H](OC(=O)c3ccc(C#N)cc3)[C@@]3(C)Oc4cc(-c5cccnc5)oc(=O)c4[C@H](O)[C@@H]3[C@@]2(C)CC[C@@H]1OC(=O)C(C)C,active,698.7690000000001,5.556980000000006,1.0,12.0,7.823908740944319
51053300,COc1cccc(C(=O)O[C@H]2C[C@H]3[C@](C)(COC(C)=O)[C@@H](OC(C)=O)CC[C@]3(C)[C@H]3[C@@H](O)c4c(cc(-c5cccnc5)oc4=O)O[C@]23C)c1,active,675.7310000000003,5.057800000000005,1.0,12.0,7.721246399047171
51068425,CC(=O)OC[C@@]1(C)[C@@H]2C[C@H](OC(=O)c3ccc4ccccc4c3)[C@@]3(C)Oc4cc(-c5cccnc5)oc(=O)c4[C@H](O)[C@@H]3[C@@]2(C)CC[C@@H]1OC(C)=O,active,695.7650000000001,6.202400000000008,1.0,11.0,7.721246399047171
51053299,C[C@@]12CO[C@@H](c3ccccc3)O[C@H]1CC[C@@]1(C)[C@H]2C[C@H](OC(=O)c2cccc(Cl)c2)[C@@]2(C)Oc3cc(-c4cccnc4)oc(=O)c3[C@H](O)[C@H]12,active,684.1850000000003,7.322000000000009,1.0,9.0,7.698970004336019
51068471,CC(=O)OC[C@@]1(C)[C@@H]2C[C@H](OC(=O)c3ccc4c(c3)OC(F)(F)O4)[C@@]3(C)Oc4cc(-c5cccnc5)oc(=O)c4[C@H](O)[C@@H]3[C@@]2(C)CC[C@@H]1OC(C)=O,active,725.6940000000001,5.370700000000005,1.0,13.0,7.698970004336019
765829,CCCCC(=O)O[C@H]1C[C@H]2[C@]3(C)CO[C@@H](c4ccccc4)O[C@H]3CC[C@]2(C)[C@H]2[C@@H](O)c3c(cc(-c4cccnc4)oc3=O)O[C@]12C,active,629.7500000000002,6.545000000000009,1.0,9.0,7.638272163982407
51068460,CC(O)(COC(=O)c1ccc(C#N)cc1)[C@@H]1C[C@H](OC(=O)c2ccc(C#N)cc2)[C@@]2(C)Oc3cc(-c4cccnc4)oc(=O)c3C(=O)[C@@H]2C1,active,659.6510000000002,4.638760000000004,1.0,12.0,7.638272163982407
51068413,C[C@@]12CO[C@@H](c3cccc4ccccc34)O[C@H]1CC[C@@]1(C)[C@H]2C[C@H](OC(=O)c2ccc(C#N)cc2)[C@@]2(C)Oc3cc(-c4cccnc4)oc(=O)c3[C@H](O)[C@H]12,active,724.8100000000003,7.69348000000001,1.0,10.0,7.638272163982407
51068422,Cc1ccccc1[C@@H]1OC[C@@]2(C)[C@@H]3C[C@H](OC(=O)c4ccc(F)cc4)[C@@]4(C)Oc5cc(-c6cccnc6)oc(=O)c5[C@H](O)[C@@H]4[C@@]3(C)CC[C@@H]2O1,active,681.7570000000001,7.116120000000009,1.0,9.0,7.522878745280337
51053273,C[C@@]12CO[C@@H](c3ccccc3)O[C@H]1CC[C@@]1(C)[C@H]2C[C@H](OC(=O)c2ccc(C=O)cc2)[C@@]2(C)Oc3cc(-c4cccnc4)oc(=O)c3[C@H](O)[C@H]12,active,677.7500000000003,6.4811000000000085,1.0,10.0,7.522878745280337
51068424,CC(=O)OC[C@@]1(C)[C@@H]2C[C@H](OC(=O)c3ccccc3F)[C@@]3(C)Oc4cc(-c5cccnc5)oc(=O)c4[C@H](O)[C@@H]3[C@@]2(C)CC[C@@H]1OC(C)=O,active,663.6950000000002,5.188300000000005,1.0,11.0,7.522878745280337
51068423,C[C@@]12CO[C@@H](c3ccccc3)O[C@H]1CC[C@@]1(C)[C@H]2C[C@H](OC(=O)c2cccc(C#N)c2)[C@@]2(C)Oc3cc(-c4cccnc4)oc(=O)c3[C@H](O)[C@H]12,active,674.7500000000003,6.540280000000009,1.0,10.0,7.522878745280337
51068464,C[C@@]12CO[C@@H](c3ccccc3)O[C@H]1CC[C@@]1(C)[C@H]2C[C@H](OC(=O)c2cccc(Br)c2)[C@@]2(C)Oc3cc(-c4cccnc4)oc(=O)c3[C@H](O)[C@H]12,active,728.6360000000001,7.43110000000001,1.0,9.0,7.431798275933005
51053260,COc1ccccc1[C@@H]1OC[C@@]2(C)[C@@H]3C[C@H](OC(=O)c4ccc(C#N)cc4)[C@@]4(C)Oc5cc(-c6cccnc6)oc(=O)c5[C@H](O)[C@@H]4[C@@]3(C)CC[C@@H]2O1,active,704.7760000000002,6.5488800000000085,1.0,11.0,7.4089353929735005
51053297,CC(=O)OC[C@@]1(C)[C@@H]2C[C@H](OC(=O)c3ccc(Cl)cc3I)[C@@]3(C)Oc4cc(-c5cccnc5)oc(=O)c4[C@H](O)[C@@H]3[C@@]2(C)CC[C@@H]1OC(C)=O,active,806.0459999999999,6.307200000000008,1.0,11.0,7.3979400086720375
51061802,CC(=O)OC[C@@]1(C)[C@@H]2C[C@H](OC(=O)c3cc4ccccc4s3)[C@@]3(C)Oc4cc(-c5cccnc5)oc(=O)c4[C@H](O)[C@@H]3[C@@]2(C)CC[C@@H]1OC(C)=O,active,701.7940000000001,6.2639000000000085,1.0,12.0,7.376750709602099
51068467,CC(=O)O[C@H]1CC[C@@]2(C)[C@@H](C[C@H](OC(=O)c3ccc(C#N)cc3)[C@@]3(C)Oc4cc(-c5cccnc5)oc(=O)c4[C@H](O)[C@H]23)[C@]1(C)COC(=O)C(C)C,active,698.7690000000001,5.556980000000006,1.0,12.0,7.318758762624412
51068421,Cc1cccc([C@@H]2OC[C@@]3(C)[C@@H]4C[C@H](OC(=O)c5ccc(F)cc5)[C@@]5(C)Oc6cc(-c7cccnc7)oc(=O)c6[C@H](O)[C@@H]5[C@@]4(C)CC[C@@H]3O2)c1,active,681.7570000000001,7.116120000000008,1.0,9.0,7.301029995663981
765847,C[C@@]12CO[C@@H](c3ccccc3)O[C@H]1CC[C@@]1(C)[C@H]2C[C@H](OC(=O)c2ccccc2F)[C@@]2(C)Oc3cc(-c4cccnc4)oc(=O)c3[C@H](O)[C@H]12,active,667.7300000000004,6.807700000000009,1.0,9.0,7.259637310505756
51053272,CC(=O)OC[C@](C)(OC(C)=O)[C@@H]1C[C@@H]2[C@@H](O)c3c(cc(-c4cccnc4)oc3=O)O[C@@]2(C)[C@H](OC(C)=O)C1,active,529.5420000000003,2.7291000000000007,1.0,11.0,7.221848749616356
51068420,CC(=O)OC[C@@]1(C)[C@@H]2C[C@H](OC(=O)c3ccccc3Cl)[C@@]3(C)Oc4cc(-c5cccnc5)oc(=O)c4[C@H](O)[C@@H]3[C@@]2(C)CC[C@@H]1OC(C)=O,active,680.1500000000002,5.7026000000000066,1.0,11.0,7.221848749616356
765841,C[C@@]12CO[C@@H](c3ccccc3)O[C@H]1CC[C@@]1(C)[C@H]2C[C@H](OC(=O)c2ccc([N+](=O)[O-])cc2)[C@@]2(C)Oc3cc(-c4cccnc4)oc(=O)c3[C@H](O)[C@H]12,active,694.7370000000003,6.576800000000008,1.0,11.0,7.214670164989233
765836,CC(=O)OCC(C)(OC(C)=O)[C@@H]1C[C@H](OC(=O)c2ccc(C#N)cc2)[C@@]2(C)Oc3cc(-c4cccnc4)oc(=O)c3[C@@H](OC(C)=O)[C@@H]2C1,active,658.6600000000001,4.465480000000004,0.0,13.0,7.161150909262744
51068419,CC(=O)OC[C@](C)(O)[C@H]1C[C@@H](O)[C@]2(C)Oc3cc(-c4cccnc4)oc(=O)c3[C@@H](O)[C@H]2C1,active,445.4680000000002,1.5875,3.0,9.0,7.154901959985743
51068418,COc1cccc(C(=O)O[C@H]2C[C@H]3[C@]4(C)CO[C@@H](c5ccccc5)O[C@H]4CC[C@]3(C)[C@H]3[C@@H](O)c4c(cc(-c5cccnc5)oc4=O)O[C@]23C)c1,active,679.7660000000002,6.677200000000009,1.0,10.0,7.154901959985743
51053296,CC(=O)OCC1(C)C(OC(C)=O)CCC2(C)C3C(=O)C4=C(CC(c5cccnc5)OC4=O)OC3(C)C(OC(C)=O)=CC12,active,581.6180000000003,3.675900000000003,0.0,11.0,7.154901959985743
51061801,CC(=O)OCC1(C)C(OC(C)=O)CCC2(C)C3C(=O)C4=C(CC(c5cccnc5)OC4=O)OC3(C)C(OC(C)=O)=CC12,active,581.6180000000003,3.675900000000003,0.0,11.0,7.1249387366083
765833,CC(=O)O[C@H]1CC[C@@]2(C)[C@@H](C[C@H](OC(C)=O)[C@@]3(C)Oc4cc(-c5cccnc5)oc(=O)c4[C@H](O)[C@H]23)[C@]1(C)COC(=O)C(C)C,active,611.6880000000002,4.3914000000000035,1.0,11.0,7.107905397309519
765837,CC(=O)OC[C@](C)(OC(C)=O)[C@@H]1C[C@@H]2[C@@H](O)c3c(cc(-c4cccnc4)oc3=O)O[C@@]2(C)[C@H](OC(C)=O)C1,active,529.5420000000003,2.7291000000000007,1.0,11.0,7.0915149811213505
765828,CC(=O)OC[C@](C)(O)[C@H]1C[C@@H](O)[C@]2(C)Oc3cc(-c4cccnc4)oc(=O)c3[C@H](O)[C@H]2C1,active,445.4680000000002,1.5875,3.0,9.0,7.0655015487564325
765834,CC(=O)OCC(C)(OC(C)=O)[C@@H]1C[C@H](OC(=O)c2ccc(C#N)cc2)[C@@]2(C)Oc3cc(-c4cccnc4)oc(=O)c3[C@@H](OC(C)=O)[C@@H]2C1,active,658.6600000000001,4.465480000000004,0.0,13.0,7.0655015487564325
765849,CC(=O)OC[C@](C)(OC(C)=O)[C@H]1C[C@@H](OC(C)=O)[C@]2(C)Oc3cc(-c4cccnc4)oc(=O)c3[C@@H](O)[C@@H]2C1,active,529.5420000000003,2.7291000000000007,1.0,11.0,7.045757490560675
765830,CC(=O)OC[C@](C)(OC(C)=O)[C@H]1C[C@@H](OC(C)=O)[C@]2(C)Oc3cc(-c4cccnc4)oc(=O)c3[C@@H](O)[C@@H]2C1,active,529.5420000000003,2.7291000000000007,1.0,11.0,6.987162775294828
330432,CC(O)(COC(=O)c1ccc(C#N)cc1)[C@@H]1C[C@H](O)[C@@]2(C)Oc3cc(-c4cccnc4)oc(=O)c3C(=O)[C@@H]2C1,active,530.5330000000002,2.902380000000001,2.0,10.0,6.958607314841775
51068417,CCCCCCCCCCCCS[C@H](C(=O)Nc1cc(C)c(O)c(C)c1C)c1ccccc1,active,469.7350000000002,8.651360000000004,2.0,3.0,6.958607314841775
765845,C[C@@]12CO[C@@H](c3ccccc3)O[C@H]1CC[C@@]1(C)[C@H]2C[C@H](OC(=O)c2ccccc2Cl)[C@@]2(C)Oc3cc(-c4cccnc4)oc(=O)c3[C@H](O)[C@H]12,active,684.1850000000003,7.322000000000009,1.0,9.0,6.889410289700751
51061800,CC(O)(COC(=O)c1ccc(C#N)cc1)[C@@H]1C[C@H](O)[C@@]2(C)Oc3cc(-c4cccnc4)oc(=O)c3C(=O)[C@@H]2C1,active,530.5330000000002,2.902380000000001,2.0,10.0,6.853871964321762
765839,COc1ccc(CNC(=O)[C@]2(C)[C@@H](OC(C)=O)CC[C@]3(C)[C@H]4[C@@H](O)c5c(cc(-c6cccnc6)oc5=O)O[C@]4(C)[C@@H](OC(=O)c4ccc(C#N)cc4)C[C@H]32)c(OC)c1,active,791.8539999999999,5.691380000000006,2.0,13.0,6.8326826652518236
765827,CC(=O)OCC(C)(OC(C)=O)[C@@H]1C[C@H](OC(C)=O)[C@@]2(C)Oc3cc(-c4cccnc4)oc(=O)c3[C@@H](O)[C@@H]2C1,active,529.5420000000003,2.7291000000000007,1.0,11.0,6.818156412055227
50357582,CC(=O)OCC(C)(OC(C)=O)[C@@H]1C[C@H](OC(C)=O)[C@@]2(C)Oc3cc(-c4cccnc4)oc(=O)c3[C@@H](O)[C@@H]2C1,active,529.5420000000003,2.7291000000000007,1.0,11.0,6.769551078621726
50270329,CCCCCCCC/C=C\CCCCCCCC(=O)Nc1ccccc1,active,357.58199999999994,7.662600000000008,1.0,1.0,6.769551078621726
765826,CCCCCCCC/C=C\CCCCCCCC(=O)Nc1ccccc1,active,357.58199999999994,7.662600000000008,1.0,1.0,6.747146969020107
51053271,CC(=O)OCC1(C)C(OC(C)=O)CCC2(C)C1CC(OC(C)=O)C1(C)Oc3cc(-c4cccnc4)oc(=O)c3C(O)C21,active,583.6340000000002,3.7553000000000027,1.0,11.0,6.698970004336019
51053270,CC(=O)OC[C@@]1(C)[C@@H]2C[C@H](OC(=O)c3ccc(N)cc3)[C@@]3(C)Oc4cc(-c5cccnc5)oc(=O)c4[C@H](O)[C@@H]3[C@@]2(C)CC[C@@H]1OC(C)=O,active,660.7200000000001,4.631400000000005,2.0,12.0,6.638272163982407
765832,COc1ccccc1C(=O)O[C@H]1C[C@H]2[C@](C)(COC(C)=O)[C@@H](OC(C)=O)CC[C@]2(C)[C@H]2[C@@H](O)c3c(cc(-c4cccnc4)oc3=O)O[C@]12C,active,675.7310000000002,5.057800000000006,1.0,12.0,6.610833915635467
51053298,CC(=O)OCC(C)(OC(C)=O)[C@@H]1C[C@H](OC(C)=O)[C@@]2(C)Oc3cc(-c4cccnc4)oc(=O)c3[C@H](O)[C@@H]2C1,active,529.5420000000003,2.7291000000000007,1.0,11.0,6.568636235841013
51053268,CC(=O)OC[C@@]1(C)[C@@H]2C[C@H](OC(=O)c3cccc4ccccc34)[C@@]3(C)Oc4cc(-c5cccnc5)oc(=O)c4[C@H](O)[C@@H]3[C@@]2(C)CC[C@@H]1OC(C)=O,active,695.7650000000001,6.202400000000008,1.0,11.0,6.568636235841013
330433,CC(=O)OC[C@@]1(C)[C@@H]2C[C@H](OC(=O)c3ccc(O)cc3)[C@@]3(C)Oc4cc(-c5cccnc5)oc(=O)c4[C@H](O)[C@@H]3[C@@]2(C)CC[C@@H]1OC(C)=O,active,661.7040000000001,4.754800000000004,2.0,12.0,6.560667306169737
51053269,CC(C)c1cccc(C(C)C)c1NC(=O)CC(=O)C(Cc1ccccc1)Cc1ccccc1,active,441.6150000000001,6.932700000000007,1.0,2.0,6.5376020021010435
51068416,CC(=O)OC[C@@]1(C)[C@@H]2C[C@H](OC(=O)c3ccccc3C#N)[C@@]3(C)Oc4cc(-c5cccnc5)oc(=O)c4[C@H](O)[C@@H]3[C@@]2(C)CC[C@@H]1OC(C)=O,active,670.7150000000003,4.920880000000005,1.0,12.0,6.494850021680094
51068415,C[C@@]12CO[C@@H](c3ccccc3)O[C@H]1CC[C@@]1(C)[C@H]2C[C@H](OC(=O)c2ccccc2C#N)[C@@]2(C)Oc3cc(-c4cccnc4)oc(=O)c3[C@H](O)[C@H]12,active,674.7500000000003,6.540280000000008,1.0,10.0,6.494850021680094
765835,COc1ccccc1C(=O)O[C@H]1C[C@H]2[C@]3(C)CO[C@@H](c4ccccc4)O[C@H]3CC[C@]2(C)[C@H]2[C@@H](O)c3c(cc(-c4cccnc4)oc3=O)O[C@]12C,active,679.7660000000001,6.67720000000001,1.0,10.0,6.363512103646634
51061798,CC(=O)OC[C@](C)(OC(C)=O)[C@@H]1C[C@@H]2[C@H](O)c3c(cc(-c4cccnc4)oc3=O)O[C@@]2(C)[C@H](OC(C)=O)C1,active,529.5420000000003,2.7291000000000007,1.0,11.0,6.301029995663981
330435,CC(=O)OC[C@@]1(C)[C@@H]2C[C@H](OC(C)=O)[C@@]3(C)Oc4cc(-c5cccnc5)oc(=O)c4[C@H](O)[C@@H]3[C@@]2(C)CC[C@@H]1OC(=O)c1ccccc1,active,645.7050000000004,5.049200000000005,1.0,11.0,6.275724130399211
330436,CC(C)c1cccc(C(C)C)c1NC(=O)CC(=O)C(Cc1ccccc1)Cc1ccc(OC(=O)CCCCCCN2CCCCCC2=O)cc1,active,680.9299999999997,9.191200000000002,1.0,5.0,6.221848749616356
51061797,CC(C)c1cccc(C(C)C)c1NC(=O)CC(=O)C(Cc1ccccc1)Cc1ccc(OC(=O)CN2CCCCCC2=O)cc1,active,610.7950000000001,7.240700000000007,1.0,5.0,6.208309350979882
50290219,CC(=O)O[C@H]1CC[C@@]2(C)[C@@H](C[C@H](OC(=O)c3ccc(C#N)cc3)[C@@]3(C)Oc4cc(-c5cccnc5)oc(=O)c4[C@H](O)[C@H]23)[C@]1(C)COC(=O)c1ccccc1,active,732.7860000000002,6.214780000000007,1.0,12.0,6.1938200260161125
51061796,CC(=O)OCC1(C)C(OC(C)=O)CCC2(C)C3C(=O)C4=C(CC(c5cccnc5)OC4=O)OC3(C)C(OC(C)=O)=CC12,active,581.6180000000003,3.675900000000003,0.0,11.0,6.187086643357144
51061795,COC(=O)[C@]1(C)[C@@H](OC(C)=O)CC[C@]2(C)[C@H]3[C@@H](O)c4c(cc(-c5cccnc5)oc4=O)O[C@]3(C)[C@@H](OC(=O)c3ccc(C#N)cc3)C[C@H]21,active,656.6880000000001,4.5307800000000045,1.0,12.0,6.173925197299173
51061794,CCCCCC(=O)OC[C@@]1(C)[C@@H]2C[C@H](OC(=O)c3ccc(C#N)cc3)[C@@]3(C)Oc4cc(-c5cccnc5)oc(=O)c4[C@H](O)[C@@H]3[C@@]2(C)CC[C@@H]1OC(=O)CCCCC,active,782.9309999999997,8.04168000000001,1.0,12.0,6.119186407719209
51061815,C[C@]1(COC(=O)c2ccccc2)[C@@H]2C[C@H](OC(=O)c3ccc(C#N)cc3)[C@@]3(C)Oc4cc(-c5cccnc5)oc(=O)c4[C@H](O)[C@@H]3[C@@]2(C)CC[C@@H]1OC(=O)c1ccccc1,active,794.8570000000001,7.50868000000001,1.0,12.0,6.112382699664264
50367880,CCC(=O)OC[C@@]1(C)[C@@H]2C[C@H](OC(C)=O)[C@@]3(C)Oc4cc(-c5cccnc5)oc(=O)c4[C@H](O)[C@@H]3[C@@]2(C)CC[C@@H]1OC(C)=O,active,597.6610000000002,4.145400000000004,1.0,11.0,6.096910013008056
765831,CC(C)=CC=C(OC(=O)CC(C)C)c1cc(O)c2c(O)ccc(O)c2c1O,active,372.4170000000001,4.558600000000006,4.0,6.0,6.080398976215889
51125428,CC(=O)OCC(C)(OC(C)=O)[C@@H]1C[C@H](OC(C)=O)[C@@]2(C)Oc3cc(-c4cccnc4)oc(=O)c3[C@@H](O)[C@@H]2C1,active,529.5420000000003,2.7291000000000007,1.0,11.0,6.0655015487564325
51061814,CCC(=O)[C@H](C[C@H](C)C(Cl)(Cl)Cl)NC(=O)[C@H](C[C@H](C)C(Cl)(Cl)Cl)N(C)C,active,491.1140000000001,5.173300000000006,1.0,3.0,6.050609993355087
51061813,CC(=O)O[C@H]1CC[C@@]2(C)[C@@H](C[C@H](OC(C)=O)[C@@]3(C)Oc4cc(-c5cccnc5)oc(=O)c4[C@H](O)[C@H]23)[C@]1(C)COC(=O)c1ccccc1,active,645.7050000000003,5.049200000000005,1.0,11.0,6.047207556955908
51061811,CCC(=O)O[C@H]1CC[C@@]2(C)[C@@H](C[C@H](OC(C)=O)[C@@]3(C)Oc4cc(-c5cccnc5)oc(=O)c4[C@H](O)[C@H]23)[C@]1(C)COC(C)=O,intermediate,597.6610000000002,4.145400000000004,1.0,11.0,5.995678626217358
50088730,CCCNC(=O)[C@]1(C)[C@@H](OC(C)=O)CC[C@]2(C)[C@H]3[C@@H](O)c4c(cc(-c5cccnc5)oc4=O)O[C@]3(C)[C@@H](OC(=O)c3ccc(C#N)cc3)C[C@H]21,intermediate,683.758,4.883980000000005,2.0,11.0,5.958607314841775
51061810,Cc1cc(C(=O)Nc2ccccc2)c2ccc(-c3ccc([C@H]4CC[C@H](CC(=O)O)CC4)cc3)cc2n1,intermediate,478.5920000000004,7.211020000000007,2.0,3.0,5.913640169325252
51105753,CC(=O)OC[C@@]1(C)[C@@H]2C[C@H](OC(C)=O)[C@@]3(C)Oc4cc(-c5cccnc5)oc(=O)c4[C@H](O)[C@@H]3[C@@]2(C)CC[C@@H]1OC(=O)C(C)C,intermediate,611.6880000000003,4.3914000000000035,1.0,11.0,5.886056647693163
330434,CCCC(=O)N(C)[C@H](C(=O)N1CCC[C@H]1C(=O)N(C)[C@@H](Cc1ccccc1)C(=O)N[C@@H](CC(C)C)C(=O)N(C)[C@H](C(=O)N(C)Cc1nccs1)C(C)C)C(C)C,intermediate,796.0919999999998,4.459200000000008,1.0,8.0,5.823908740944319
50533665,CC(C)c1cccc(C(C)C)c1NC(=O)CC(=O)C(Cc1ccccc1)Cc1ccc(O)cc1,intermediate,457.61400000000015,6.638300000000006,2.0,3.0,5.823908740944319
51105756,CCC[C@@H]1C/C(=N/OCc2ccccc2)C[C@@]2(O1)C(=O)Nc1ccccc12,intermediate,364.4450000000001,4.385900000000004,1.0,4.0,5.823908740944319
50088731,COc1c([C@H](CC(C)C)OC(C)=O)ccc2c1C(=O)OCc1cc(C)cc(O)c1O2,intermediate,414.4540000000002,4.822220000000006,1.0,7.0,5.808269606637143
50329415,Cc1cc(C(=O)Nc2ccccc2)c2ccc(-c3ccc(OCC(C)(C)C(=O)O)nc3)cc2n1,intermediate,455.5140000000003,5.347120000000005,2.0,5.0,5.7594507517174005
50880965,CCCCCCCN(CCCCCNc1cc(-c2ccccc2)c(-c2ccccc2)nn1)C(=O)Nc1ccc(F)cc1F,intermediate,585.7430000000002,9.175500000000001,2.0,4.0,5.7594507517174005
51105764,O=C(NCCCCCCSc1nc(-c2ccccc2)c(-c2ccccc2)[nH]1)Nc1ccc(F)cc1F,intermediate,506.6220000000001,7.4961000000000055,3.0,3.0,5.7447274948966935
50106398,COc1c([C@H](CC(C)C)OC(C)=O)ccc2c1C(=O)OCc1cc(C)cc(O)c1O2,intermediate,414.4540000000002,4.822220000000006,1.0,7.0,5.698970004336019
50329416,C[C@@H]1CN(C(=O)Nc2ccccc2)c2ccc(-c3ccc([C@H]4CC[C@H](CC(=O)O)CC4)cc3)cc2O1,intermediate,484.59600000000034,6.921500000000006,2.0,3.0,5.684029654543083
51125424,CCCCCCCN(CCCCCNc1ccc(-c2ccccc2)nn1)C(=O)Nc1ccc(F)cc1F,intermediate,509.64500000000015,7.508500000000007,2.0,4.0,5.619788758288394
50622463,CCC(=O)[C@H](C[C@H](C)C(Cl)(Cl)Cl)NC(=O)/C=C/[C@H](C)C(Cl)(Cl)Cl,intermediate,446.029,5.409200000000004,1.0,2.0,5.619788758288394
51105765,C=C[C@@H]1C[C@]1(NC(=O)[C@@H]1C[C@@H](Oc2cc(-c3csc(NC(=O)C(C)C)n3)nc3c(Br)c(OC)ccc23)CN1C(=O)[C@@H](NC(=O)OC1CCCC1)C(C)(C)C)C(=O)O,intermediate,869.8359999999997,6.301200000000006,4.0,11.0,5.6020599913279625
51125420,CCCC(=O)N(C)[C@H](C(=O)N1CCC[C@H]1C(=O)N(C)[C@@H](Cc1ccccc1)C(=O)N[C@@H](CC(C)C)C(=O)N[C@H](C(=O)N(C)Cc1nccs1)C(C)C)C(C)C,intermediate,782.0649999999998,4.117000000000007,2.0,8.0,5.552841968657781
50088728,CCC(=O)[C@H](C[C@H](C)C(Cl)(Cl)Cl)NC(=O)[C@H](C[C@H](C)C(Cl)(Cl)Cl)N(C)C,intermediate,491.1140000000001,5.173300000000006,1.0,3.0,5.522878745280337
51068070,O=C(O)C[C@H]1CC[C@H](c2ccc(-c3ccc4c(ccn4C(=O)Nc4ccccc4)c3)cc2)CC1,intermediate,452.5540000000002,7.137000000000006,2.0,3.0,5.522878745280337
50106529,CCCCCCCCN1CCc2c(C)c(CC(=O)O)c(C)c(NC(=O)C(C)(C)C)c21,intermediate,416.60600000000017,5.638140000000005,2.0,3.0,5.522878745280337
50533661,O=C(O)C[C@H]1CC[C@H](c2ccc(-c3ccc4c(ccn4C(=O)Nc4ccccc4)c3)cc2)CC1,intermediate,452.5540000000002,7.137000000000006,2.0,3.0,5.522878745280337
51061834,CCC[C@@H]1CC(=NOCc2ccccc2)C[C@@]2(O1)C(=O)Nc1ccccc12,intermediate,364.4450000000001,4.385900000000004,1.0,4.0,5.510041520575165
51125431,CCOC(=O)CNC(=O)[C@]1(C)[C@@H](OC(C)=O)CC[C@]2(C)[C@H]3[C@@H](O)c4c(cc(-c5cccnc5)oc4=O)O[C@]3(C)[C@@H](OC(=O)c3ccc(C#N)cc3)C[C@H]21,intermediate,727.7669999999999,4.037080000000003,2.0,13.0,5.508638306165727
51125429,CCCC[C@H](C)[C@@H]1CC(=O)N[C@@H](Cc2ccccc2)C(=O)N[C@@H](C)C(=O)N[C@H]([C@@H](C)CC)C(=O)O1,intermediate,487.64100000000025,2.891300000000002,3.0,5.0,5.494850021680094
51061833,CCC(=O)[C@H](C[C@H](C)C(Cl)(Cl)Cl)NC(=O)/C=C/[C@H](C)C(Cl)(Cl)Cl,intermediate,446.029,5.409200000000004,1.0,2.0,5.467245621007502
51125430,COC(=O)CNC(=O)[C@]1(C)[C@@H](OC(C)=O)CC[C@]2(C)[C@H]3[C@@H](O)c4c(cc(-c5cccnc5)oc4=O)O[C@]3(C)[C@@H](OC(=O)c3ccc(C#N)cc3)C[C@H]21,intermediate,713.74,3.646980000000001,2.0,13.0,5.376750709602099
51052035,C[C@@H](C[C@H]1C(=O)N(C)[C@@H](C[C@H](C)C(Cl)(Cl)Cl)C(=O)N1C)C(Cl)(Cl)Cl,intermediate,461.044,4.446800000000004,0.0,2.0,5.327902142064283
51068066,Cc1c(C(=O)Nc2ccc(N3CCC(COc4cccc(C(=O)O)c4)CC3)nc2)oc2ccc(-c3ccccc3)cc12,intermediate,561.6380000000003,7.0491200000000065,2.0,6.0,5.318758762624412
50106403,O[C@]12C=C(c3nccc4c3[nH]c3ccccc34)[C@@H]3CCN(CCCC/C=C\CC1)C[C@@]31C[C@@H]3/C=C\CCCCN3[C@H]12,intermediate,548.7750000000004,6.855800000000007,2.0,4.0,5.301029995663981
51125435,CC1CN(C(=O)Nc2ccccc2)c2ccc(-c3ccc([C@H]4CC[C@H](CC(=O)O)CC4)cc3)cc2O1,intermediate,484.59600000000034,6.921500000000006,2.0,3.0,5.275724130399211
50533739,C[C@@H](C[C@H]1C(=O)N(C)[C@@H](C[C@H](C)C(Cl)(Cl)Cl)C(=O)N1C)C(Cl)(Cl)Cl,intermediate,461.044,4.446800000000004,0.0,2.0,5.167491087293763
50290225,CCC[C@@H]1C[C@@H](NCc2ccccc2)C[C@@]2(O1)C(=O)Nc1ccccc12,intermediate,350.46200000000005,3.9715000000000025,2.0,3.0,5.096910013008056
50533667,COc1ccc(C(O)C(C)Oc2ccc([C@H]3O[C@H](c4ccc(OC(C)C(O)c5ccc(OC)c(OC)c5)c(OC)c4)[C@H](C)[C@H]3C)cc2OC)cc1OC,intermediate,732.8670000000002,7.8248000000000095,2.0,11.0,5.040958607678906
51068069,CCC[C@@H]1C[C@@H](NCc2ccccc2)C[C@@]2(O1)C(=O)N(Cc1ccccc1)c1ccccc12,intermediate,440.58700000000016,5.566200000000006,1.0,3.0,5.036212172654444
50533675,CC(C)c1cc(C(C)C)c(CC(=O)NS(=O)(=O)Oc2c(C(C)C)cccc2C(C)C)c(C(C)C)c1,intermediate,501.7330000000003,7.286100000000008,1.0,4.0,5.031517051446065
51105755,CCC[C@@H]1CC(=O)C[C@@]2(O1)C(=O)N(C)c1cccc(Br)c12,intermediate,352.228,3.1690000000000014,0.0,3.0,5.017728766960431
51105761,CCCC(=O)N[C@H](C(=O)N1CCC[C@H]1C(=O)N(C)[C@@H](Cc1ccccc1)C(=O)N[C@@H](CC(C)C)C(=O)N(C)[C@H](C(=O)N(C)Cc1nccs1)C(C)C)C(C)C,intermediate,782.0649999999998,4.117000000000007,2.0,8.0,5.017728766960431
50106522,CCCC(=O)N(C)[C@H](C(=O)N1CCC[C@H]1C(=O)N(C)[C@@H](Cc1ccccc1)C(=O)N[C@@H](CC(C)C)C(=O)N(C)[C@H](C(=O)N(C)Cc1nccs1)C(C)C)C(C)C,intermediate,796.0919999999998,4.459200000000008,1.0,8.0,5.017728766960431
50088729,O=C(O)C[C@H]1CC[C@H](c2ccc(-c3ccc4c(c3)OCCN4C(=O)Nc3ccc(F)cc3C(F)(F)F)cc2)CC1,intermediate,556.556,7.690900000000005,2.0,3.0,5.013228265733755
50106519,O=C(O)C[C@H]1CC[C@H](c2ccc(-c3ccc4c(c3)OCCN4C(=O)Nc3ccccc3)cc2)CC1,intermediate,470.56900000000024,6.533000000000006,2.0,3.0,5.013228265733755
51105762,O=C(O)C[C@H]1CC[C@H](c2ccc(-c3ccc4c(c3)OCCN4C(=O)Nc3ccccc3)cc2)CC1,intermediate,470.56900000000024,6.533000000000006,2.0,3.0,5.00436480540245
50081434,CCCC(=O)N(C)[C@H](C(=O)N1CCC[C@H]1C(=O)N(C)[C@@H](Cc1ccccc1)C(=O)N[C@@H](CC(C)C)C(=O)N[C@H](C(=O)N(C)Cc1nccs1)C(C)C)C(C)C,inactive,782.0649999999998,4.117000000000007,2.0,8.0,5.0
51013650,CC1(C)Oc2nc(C(F)(F)F)nc(N)c2N=C1c1ccc2c(c1)CC[C@]21CC[C@@H](CC(=O)O)CC1,inactive,488.51000000000045,5.218300000000004,2.0,6.0,5.0
50974874,O=C(O)C[C@]1(CC(F)(F)F)CCc2cc(-c3cnc(NC(=O)Nc4ccc(F)c(F)c4)cn3)ccc2C1=O,inactive,534.4410000000001,5.608200000000004,3.0,5.0,5.0
51346968,Cc1nc(C)c(-c2ccc([C@H]3CC[C@H](CC(=O)O)CC3)cc2)nc1C(N)=O,inactive,367.44900000000007,3.6078400000000013,2.0,4.0,4.939302159646388
50533672,CC(=O)OCCC(/C=C/C=C/C#CC#C/C=C/CO)OC(=O)C=C(C)C,inactive,356.4180000000001,2.4853000000000005,1.0,5.0,4.920818753952375
50088732,CCC[C@@H]1C[C@@H](NCc2ccccc2)C[C@@]2(O1)C(=O)Nc1cccc(Br)c12,inactive,429.35800000000006,4.7340000000000035,2.0,3.0,4.876148359032914
51253369,Cc1cc(C(=O)Nc2ccccc2)c2ccc(-c3ccc(OCC(C)(C)C(=O)O)[n+]([O-])c3)cc2n1,inactive,471.5130000000003,4.585520000000004,2.0,5.0,4.8297382846050425
51061818,CC1=CCC[C@H]2[C@](C)(Cc3cc(O)ccc3O)[C@@H](C)CC[C@]12C,inactive,314.46900000000016,5.439100000000006,2.0,2.0,4.818156412055227
50533671,CC(=O)O[C@H]1CC[C@]2(C)[C@H]3[C@@H](O)c4c(cc(-c5cccnc5)oc4=O)O[C@]3(C)[C@@H](OC(=O)c3ccc(C#N)cc3)C[C@H]2[C@]1(C)C(=O)O,inactive,642.6610000000003,4.442380000000003,2.0,11.0,4.795880017344075
51253364,CCC[C@H]1C/C(=N/OCc2ccccc2)C[C@]2(O1)C(=O)Nc1ccccc12,inactive,364.4450000000001,4.385900000000004,1.0,4.0,4.718966632752273
50357589,C=C1CCC[C@H]2[C@](C)(Cc3cc(O)ccc3O)[C@@H](C)CC[C@]12C,inactive,314.46900000000016,5.439100000000006,2.0,2.0,4.716698771296451
330430,C=CC(C)(C)c1c(O)cc(O)c2c(=O)c3c(CC=C(C)C)c(OC)c(O)cc3oc12,inactive,410.4660000000002,5.043900000000004,3.0,6.0,4.698970004336019
330431,CCCC[C@H](C)[C@@H]1CC(=O)N[C@@H](Cc2ccccc2)C(=O)N[C@@H](C)C(=O)N[C@H](CC(C)C)C(=O)O1,inactive,487.64100000000025,2.891300000000002,3.0,5.0,4.698970004336019
51125421,CCCC[C@H](C)[C@@H]1CC(=O)N[C@@H](Cc2ccccc2)C(=O)N[C@@H](C)C(=O)N[C@H]([C@@H](C)CC)C(=O)O1,inactive,487.64100000000025,2.891300000000002,3.0,5.0,4.698970004336019
50357572,CCCC[C@H](C)[C@@H]1CC(=O)N[C@@H](Cc2ccccc2)C(=O)N[C@@H](C)C(=O)N[C@H]([C@@H](C)CC)C(=O)O1,inactive,487.64100000000025,2.891300000000002,3.0,5.0,4.634512015109101
50357573,CC(C)=CCc1c(O)c(O)cc2c(=O)c3c(O)c4c(cc3oc12)OC(C)C4(C)C,inactive,396.4390000000002,4.630200000000004,3.0,6.0,4.605548319173784
50367879,CC(C)=CCc1c(O)cc2c(c1O)C(=O)C[C@@H](c1cc3c(cc1O)OC(C)(C)C=C3)O2,inactive,422.47700000000015,5.202800000000006,3.0,6.0,4.600326278518962
50533668,CC(C)=CC=C(OC(=O)CC(C)C)c1cc(O)c2c(O)ccc(O)c2c1O,inactive,372.4170000000001,4.558600000000006,4.0,6.0,4.585026652029182
50533738,CCC[C@@H]1C[C@@H](N2CCCC2)C[C@@]2(O1)C(=O)Nc1ccccc12,inactive,314.429,3.2775000000000016,1.0,3.0,4.568636235841013
50367870,CCC[C@@H]1C[C@@H](NCc2ccccc2)C[C@@]2(O1)C(=O)N(C)c1ccccc12,inactive,364.4890000000001,3.9958000000000036,1.0,3.0,4.542118103266008
50357585,CCC(=O)OC(=CC=C(C)C)c1cc(O)c2c(O)ccc(O)c2c1O,inactive,344.36300000000006,3.922500000000005,4.0,6.0,4.540607512240769
51105763,C=CC(C)(C)c1c(O)cc(O)c2c(=O)c3cc(O)c4c(c3oc12)C=CC(C)(C)O4,inactive,394.4230000000002,4.710800000000003,3.0,6.0,4.494850021680094
50533666,CCCC(=O)N[C@H](C(=O)N1CCC[C@H]1C(=O)N(C)[C@@H](Cc1ccccc1)C(=O)N[C@@H](CC(C)C)C(=O)N(C)[C@H](C(=O)N(C)Cc1nccs1)C(C)C)C(C)C,inactive,782.0649999999998,4.117000000000007,2.0,8.0,4.481486060122113
51346964,CCC[C@@H]1C[C@@H](NCc2ccccc2)C[C@@]2(O1)C(=O)N(C)c1cccc(Br)c12,inactive,443.3850000000001,4.758300000000004,1.0,3.0,4.441291429466834
50270324,CC(=O)OCCC(/C=C/C=C/C#CC#C/C=C/CO)OC(=O)C=C(C)C,inactive,356.4180000000001,2.4853000000000005,1.0,5.0,4.4089353929735005
51052034,COc1ccc(C(O)C(C)Oc2ccc([C@H]3O[C@H](c4ccc(OC(C)C(O)c5ccc(OC)c(OC)c5)c(OC)c4)[C@H](C)[C@H]3C)cc2OC)cc1OC,inactive,732.8670000000002,7.8248000000000095,2.0,11.0,4.3979400086720375
50357569,O=C(O)c1cccc(OCC2CCN(c3ccc(NC(=O)c4cccc(Oc5ccccc5)c4)cn3)CC2)c1,inactive,523.5890000000003,6.119800000000006,2.0,6.0,4.380906669373258
50357588,CC(C)=CCc1c(-c2ccc(O)cc2O)oc2cc3c(c(O)c2c1=O)C=CC(C)(C)O3,inactive,420.46100000000024,5.269700000000006,3.0,6.0,4.380906669373258
50357583,CC(C)=CC(C)(C)c1c(C)cc(O)c2c(=O)c3cc(O)c(O)cc3oc12,inactive,354.4020000000001,4.615220000000005,3.0,5.0,4.3487219860018556
50367882,CC(C)(O)CCc1c(O)cc(O)c2c1O[C@H](c1cc3c(cc1O)OC(C)(C)C=C3)CC2=O,inactive,440.49200000000025,4.397600000000003,4.0,7.0,4.304518323509803
330439,CCCC(=O)OC(=CC=C(C)C)c1cc(O)c2c(O)ccc(O)c2c1O,inactive,358.39000000000004,4.312600000000006,4.0,6.0,4.275724130399211
50367884,CCCCCCCC(=O)CNc1cc(-c2ccccc2)nn1-c1ccccc1,inactive,375.5160000000001,5.880800000000005,1.0,4.0,4.250263684430939
50367877,CC(C)=CC=C(OC(=O)c1ccccc1)c1cc(O)c2c(O)ccc(O)c2c1O,inactive,392.40700000000015,4.826300000000005,4.0,6.0,4.2403321553103694
50634667,CC(C)=CC=C(OC(=O)C(C)C)c1cc(O)c2c(O)ccc(O)c2c1O,inactive,358.39000000000004,4.168500000000006,4.0,6.0,4.164943898279883
50367864,O=C(Nc1ccc(C2CCN(C(=O)[C@H]3CC[C@H](C(=O)O)CC3)CC2)cc1)c1nc(-c2ccccc2)oc1C(F)(F)F,inactive,569.5800000000004,6.209700000000006,2.0,5.0,4.146301788223826
50357581,C=CCCC(=O)OC(=CC=C(C)C)c1cc(O)c2c(O)ccc(O)c2c1O,inactive,370.40100000000007,4.478700000000006,4.0,6.0,4.128427064454121
330440,C=CC(C)(C)c1c(O)cc2oc3c(CC=C(C)C)c(O)c(O)cc3c(=O)c2c1O,inactive,396.43900000000014,4.740900000000005,4.0,6.0,4.1249387366083
50357571,CCCCCCCCC(=O)CNc1cc(-c2ccccc2)nn1-c1ccccc1,inactive,389.54300000000006,6.2709000000000055,1.0,4.0,4.123782159408358
50357587,C=CC(C)(C)c1c(OC)cc(O)c2c(=O)c3c(CC=C(C)C)c(O)c(O)cc3oc12,inactive,410.4660000000002,5.043900000000006,3.0,6.0,4.110138278741812
50367865,CC1(C)C=Cc2c(cc3oc(-c4ccc(O)cc4O)cc(=O)c3c2O)O1,inactive,352.3420000000001,3.7610000000000032,3.0,6.0,4.073143291050307
50357586,CCCCC(=O)OC(=CC=C(C)C)c1cc(O)c2c(O)ccc(O)c2c1O,inactive,372.4170000000001,4.702700000000006,4.0,6.0,4.047691990337875
50278755,CC(C)=CCc1cc([C@@H]2CC(=O)c3c(cc(O)c(CC=C(C)C)c3O)O2)c(O)cc1O,inactive,424.4930000000001,5.232900000000007,4.0,6.0,4.022276394711152
330441,O=C(CCc1ccc(O)c(O)c1)N[C@@H](CC(=O)OCc1ccccc1)C(=O)OCc1ccccc1,inactive,477.5130000000002,3.392100000000002,3.0,7.0,4.013228265733755
51346967,CCCCCCCCCCNc1cc(-c2ccccc2)nn1-c1ccccc1,inactive,375.56000000000006,7.091900000000007,1.0,3.0,3.996970529446382
50329420,C=C1CCC[C@]2(C)C[C@]3(O)OC(=O)C(C)=C3C[C@@H]12,inactive,248.32199999999997,2.7047000000000008,1.0,3.0,3.9956786262173574
330429,CCCCCCCN(CCCCCNc1cc(-c2ccccc2)cnn1)C(=O)Nc1ccc(F)cc1F,inactive,509.6450000000001,7.508500000000006,2.0,4.0,3.9877957039692573
51138725,CSc1cc(C)nc(SC)c1NC(=O)CN1CCN(CCSc2nc3ccccc3[nH]2)CC1,inactive,502.7350000000003,4.058520000000002,2.0,8.0,3.9877957039692573
50357580,CSc1cc(C)nc(SC)c1NC(=O)CN1CCN(CCSc2nc3ccccc3[nH]2)CC1,inactive,502.7350000000003,4.058520000000002,2.0,8.0,3.9507819773298185
50367866,C=CC(C)(C)c1c(O)c(CC=C(C)C)c2oc3cc(O)c(O)cc3c(=O)c2c1O,inactive,396.43900000000014,4.740900000000006,4.0,6.0,3.9500071430798576
50270327,CC(=O)OC(=CC=C(C)C)c1cc(O)c2c(O)ccc(O)c2c1O,inactive,330.33600000000007,3.5324000000000026,4.0,6.0,3.906578314837765
50357584,COc1ccc([C@@H]2O[C@H](c3ccc(O[C@H](C)Cc4ccc5c(c4)OCO5)cc3)[C@H](C)[C@@H]2C)cc1OC,inactive,490.59600000000023,6.527300000000007,0.0,6.0,3.8768019249680012
50367867,C=CC(C)(C)c1c(OC)cc(O)c2c(=O)c3ccc(O)c(O)c3oc12,inactive,342.3470000000001,3.5352000000000023,3.0,6.0,3.8594919569618202
50367883,CC(C)C=CC(=O)c1cc(O)c2c(O)ccc(O)c2c1O,inactive,288.29900000000004,3.057100000000002,4.0,5.0,3.770062314092066
51346963,CC(C)=CC=C(OC(=O)CC(C)(C)O)c1cc(O)c2c(O)ccc(O)c2c1O,inactive,388.4160000000001,3.673500000000004,5.0,7.0,3.7274622226247627
330437,C=C1CCC[C@]2(C)C[C@]3(O)OC(=O)C(C)=C3C[C@@H]12,inactive,248.32199999999997,2.7047000000000008,1.0,3.0,3.638272163982407
50855129,CCCCCCCC(=O)Nc1ccccc1-c1ccccc1,inactive,295.42600000000004,5.652600000000005,1.0,1.0,3.638272163982407
330438,CCCCCCCC(=O)Nc1ccccc1-c1ccccc1,inactive,295.42600000000004,5.652600000000005,1.0,1.0,3.382999658879101
50855131,CCCCCCCCC(=O)Nc1ccccc1-c1ccccc1,inactive,309.45300000000003,6.042700000000005,1.0,1.0,3.382999658879101
